KnowledgeExtId__c,Title,Summary,Body__c,ArticleNumber__c,UrlName,PublishStatus,Language,ArticleType__c
RC-KA-0001,Designing effective on call rotations,Guidance on setting up fair and sustainable on call schedules,This article describes patterns for rotating on call responsibilities minimizing burnout and ensuring coverage,KA-1001,on-call-rotations,Online,en_US,Runbook
RC-KA-0002,Baseline SLOs for web applications,Recommended starting SLOs for web applications by tier,This article outlines baseline availability and latency SLOs for customer facing web applications and internal tools,KA-1002,baseline-slos-web,Online,en_US,Runbook
RC-KA-0003,Incident severity classification,How to classify incidents consistently by severity,This article explains severity levels business impact criteria and examples for IT and security incidents,KA-1003,incident-severity,Online,en_US,Runbook
RC-KA-0004,Post incident review checklist,Checklist to run effective post incident reviews,This article provides a checklist for preparing and running a collaborative post incident review meeting,KA-1004,post-incident-checklist,Online,en_US,Checklist
RC-KA-0005,SSO integration troubleshooting guide,Steps to troubleshoot common SSO issues,This article documents common causes of SSO failures and step by step troubleshooting approaches,KA-1005,sso-troubleshooting,Online,en_US,Troubleshooting
RC-KA-0006,API rate limiting best practices,How to set and tune API rate limits,This article describes strategies for setting API rate limits dashboards and alerting thresholds,KA-1006,api-rate-limits,Online,en_US,BestPractice
RC-KA-0007,Preparing for regulatory audits,How to prepare observability and incident data for audits,This article outlines the reports and exports needed to support regulatory audits in financial and insurance sectors,KA-1007,regulatory-audits,Online,en_US,BestPractice
RC-KA-0008,Monitoring synthetic checks design,Guidance on designing meaningful synthetic checks,This article discusses how to design synthetic checks that reflect key user journeys and avoid false positives,KA-1008,synthetic-checks,Online,en_US,BestPractice
RC-KA-0009,Change freeze playbook,How to manage change freezes during critical periods,This article describes how to plan and enforce change freezes during peak events such as Black Friday,KA-1009,change-freeze,Online,en_US,Runbook
RC-KA-0010,Zero trust readiness questionnaire,Questions to assess zero trust readiness,This article provides a questionnaire to evaluate identity access and network segmentation for zero trust,KA-1010,zero-trust-readiness,Online,en_US,Checklist
